{"base_files_url": "https://raw.githubusercontent.com/ajgowans/faqs/93450feb80f02e564e44a54fd2e37f66827a3a7b/", "db_id": "ajgowans/faqs", "db_url": "https://raw.githubusercontent.com/ajgowans/faqs/db/db.json.zip", "files": {"|docs/AtariLynx/FAQs/bill-and-teds-excellent-adventure/bill-and-teds-excellent-adventure-faqs-9883.txt": {"hash": "7257ad0a73c42b40aa26a60b0f52116c", "size": 24433, "tags": [22, 23, 24]}, "|docs/AtariLynx/FAQs/chips-challenge/chips-challenge-faqs-2288.txt": {"hash": "042e639da257d6d453cd548b18099c39", "size": 179839, "tags": [22, 23, 24]}, "|docs/AtariLynx/FAQs/chips-challenge/chips-challenge-faqs-2289.txt": {"hash": "768083d9d19178a4e6d8092fca94b4c5", "size": 1566, "tags": [22, 23, 24]}, "|docs/AtariLynx/FAQs/crystal-mines-ii/crystal-mines-ii-faqs-18689.txt": {"hash": "18b79da1edc5b53bfa7eb4fb6a65cd20", "size": 8331, "tags": [22, 23, 24]}, "|docs/AtariLynx/FAQs/dirty-larry-renegade-cop/dirty-larry-renegade-cop-faqs-61805.txt": {"hash": "234cffc3726da727e72aa83fc4f8a526", "size": 4807, "tags": [22, 23, 24]}, "|docs/AtariLynx/FAQs/dracula-the-undead/dracula-the-undead-faqs-42215.txt": {"hash": "20a5b50918855ba2f2145098ab6993e2", "size": 18537, "tags": [22, 23, 24]}, "|docs/AtariLynx/FAQs/dracula-the-undead/dracula-the-undead-faqs-42218.txt": {"hash": "62172542da1b4632f736dde645424658", "size": 9845, "tags": [22, 23, 24]}, "|docs/AtariLynx/FAQs/eye-of-the-beholder/eye-of-the-beholder-faqs-2001.txt": {"hash": "8f2880391b6f6260b39f05f3a60811a7", "size": 17986, "tags": [22, 23, 24]}, "|docs/AtariLynx/FAQs/gordo-106/gordo-106-faqs-62118.txt": {"hash": "daae676fe6c68dd61abf4585c1c91913", "size": 24795, "tags": [22, 23, 24]}, "|docs/AtariLynx/FAQs/lynx/lynx-faqs-5935.txt": {"hash": "05cf4e3f6542c5426e1a19a08572e84e", "size": 48559, "tags": [22, 23, 24]}, "|docs/AtariLynx/FAQs/lynx/lynx-faqs-9749.txt": {"hash": "4c192dc6e1956892da4bc221ea2997ba", "size": 167409, "tags": [22, 23, 24]}, "|docs/AtariLynx/FAQs/ms-pac-man/ms-pac-man-faqs-1298.txt": {"hash": "bb4ec94e328291d4a18d629f316a4580", "size": 44754, "tags": [22, 23, 24]}, "|docs/AtariLynx/FAQs/ms-pac-man/ms-pac-man-faqs-1299.txt": {"hash": "7b13240f54cd93a448da7edaded1c0ce", "size": 10444, "tags": [22, 23, 24]}, "|docs/AtariLynx/FAQs/ninja-gaiden-iii-the-ancient-ship-of-doom/ninja-gaiden-iii-the-ancient-ship-of-doom-faqs-41188.txt": {"hash": "96d678389f74f9aa575853ff6af84cbe", "size": 49208, "tags": [22, 23, 24]}, "|docs/AtariLynx/FAQs/ninja-gaiden/ninja-gaiden-faqs-41188.txt": {"hash": "96d678389f74f9aa575853ff6af84cbe", "size": 49208, "tags": [22, 23, 24]}, "|docs/AtariLynx/FAQs/ninja-gaiden/ninja-gaiden-faqs-61959.txt": {"hash": "b0700828bacea4072630855d2daa662c", "size": 9329, "tags": [22, 23, 24]}, "|docs/AtariLynx/FAQs/pac-land/pac-land-faqs-1300.txt": {"hash": "0764500ed6666d92a9c5dc6653eaaf38", "size": 16061, "tags": [22, 23, 24]}, "|docs/AtariLynx/FAQs/pinball-jam/pinball-jam-faqs-1413.txt": {"hash": "5e6ea2c70ae4598b80afe74a229dc59c", "size": 5990, "tags": [22, 23, 24]}, "|docs/AtariLynx/FAQs/pinball-jam/pinball-jam-faqs-1496.txt": {"hash": "22377792ce31d1e0babea17016539c25", "size": 36622, "tags": [22, 23, 24]}, "|docs/AtariLynx/FAQs/raiden/raiden-faqs-1302.txt": {"hash": "eb90116d40adc042ba16acdd8f1718c2", "size": 22139, "tags": [22, 23, 24]}, "|docs/AtariLynx/FAQs/rampart/rampart-faqs-762.txt": {"hash": "e142023202e8938052db07afb9062f65", "size": 4260, "tags": [22, 23, 24]}, "|docs/AtariLynx/FAQs/scrapyard-dog/scrapyard-dog-faqs-34013.txt": {"hash": "653b90d76a854270d43fc417cf209826", "size": 61065, "tags": [22, 23, 24]}, "|docs/AtariLynx/FAQs/shadow-of-the-beast/shadow-of-the-beast-faqs-61828.txt": {"hash": "f731b9f6f7150626567767d1bc92b718", "size": 24599, "tags": [22, 23, 24]}, "|docs/AtariLynx/FAQs/spot-the-video-game/spot-the-video-game-faqs-53918.txt": {"hash": "135272f25a15f676c893caf0e0ea92d2", "size": 4296, "tags": [22, 23, 24]}, "|docs/AtariLynx/FAQs/toki/toki-faqs-61843.txt": {"hash": "67ee44e1f4decf97b272e714b05058a5", "size": 33853, "tags": [22, 23, 24]}, "|docs/AtariLynx/FAQs/toki/toki-faqs-63260.txt": {"hash": "e54fc22cfab3de0e05b18b9c76729db8", "size": 19255, "tags": [22, 23, 24]}, "|docs/AtariLynx/FAQs/turbo-sub/turbo-sub-faqs-61838.txt": {"hash": "0f275087fb52a31c55e1c9d253ee7f24", "size": 15481, "tags": [22, 23, 24]}, "|docs/AtariLynx/FAQs/xenophobe/xenophobe-faqs-5936.txt": {"hash": "6e1ad2dce8e28214b2f987aeaeccecc1", "size": 23880, "tags": [22, 23, 24]}, "|docs/CD-i/FAQs/arcade-classics/arcade-classics-faqs-1298.txt": {"hash": "bb4ec94e328291d4a18d629f316a4580", "size": 44754, "tags": [22, 24, 25]}, "|docs/CD-i/FAQs/arcade-classics/arcade-classics-faqs-1299.txt": {"hash": "7b13240f54cd93a448da7edaded1c0ce", "size": 10444, "tags": [22, 24, 25]}, "|docs/CD-i/FAQs/arcade-classics/arcade-classics-faqs-17252.txt": {"hash": "8648fe13be503db07c837b656e31b66b", "size": 5571, "tags": [22, 24, 25]}, "|docs/CD-i/FAQs/arcade-classics/arcade-classics-faqs-58510.txt": {"hash": "5306ee3ecf766f8972599c65dd52ab00", "size": 7062, "tags": [22, 24, 25]}, "|docs/CD-i/FAQs/arcade-classics/arcade-classics-faqs-8107.txt": {"hash": "31258df6a5013b215b40a5318240f4ae", "size": 17372, "tags": [22, 24, 25]}, "|docs/CD-i/FAQs/arcade-classics/arcade-classics-faqs-9747.txt": {"hash": "40b2af634cd85f2e2842ed96709a9d2d", "size": 3278, "tags": [22, 24, 25]}, "|docs/CD-i/FAQs/burncycle/burncycle-faqs-2296.txt": {"hash": "f67a25251ea016fc0023206ae5795983", "size": 9740, "tags": [22, 24, 25]}, "|docs/CD-i/FAQs/cd-i/cd-i-faqs-2636.txt": {"hash": "5d13b14e05d21492471012f1571f0115", "size": 30722, "tags": [22, 24, 25]}, "|docs/CD-i/FAQs/dragons-lair-ii-time-warp/dragons-lair-ii-time-warp-faqs-1297.txt": {"hash": "0184d066e52b25b9e2a7e8c3c794d3bf", "size": 4365, "tags": [22, 24, 25]}, "|docs/CD-i/FAQs/dragons-lair-ii-time-warp/dragons-lair-ii-time-warp-faqs-26781.txt": {"hash": "8253cf1792ac7e5350eba90086eae099", "size": 8674, "tags": [22, 24, 25]}, "|docs/CD-i/FAQs/dragons-lair-ii-time-warp/dragons-lair-ii-time-warp-faqs-29318.txt": {"hash": "42abbd0236b2e1fe6336dce41062907d", "size": 6341, "tags": [22, 24, 25]}, "|docs/CD-i/FAQs/dragons-lair/dragons-lair-faqs-56733.txt": {"hash": "622d5ea962d5ffdcc3f45008b8ca2881", "size": 18676, "tags": [22, 24, 25]}, "|docs/CD-i/FAQs/flashback-the-quest-for-identity/flashback-the-quest-for-identity-faqs-38663.txt": {"hash": "65859ebad78b905457e5f7277ccd090b", "size": 87557, "tags": [22, 24, 25]}, "|docs/CD-i/FAQs/flashback-the-quest-for-identity/flashback-the-quest-for-identity-faqs-47743.txt": {"hash": "d12cd764581df544723302eca8fb390b", "size": 34281, "tags": [22, 24, 25]}, "|docs/CD-i/FAQs/inca-ii/inca-ii-faqs-1900.txt": {"hash": "40cad4f0c4c3ff7f915eb3a1de02e896", "size": 7786, "tags": [22, 24, 25]}, "|docs/CD-i/FAQs/inca-ii/inca-ii-faqs-25525.txt": {"hash": "c4fa9ebf40e6c811b6d4f6c2512ca6d1", "size": 10981, "tags": [22, 24, 25]}, "|docs/CD-i/FAQs/inca/inca-faqs-25505.txt": {"hash": "14594886b4fe3ca142e824e8df832bb1", "size": 15554, "tags": [22, 24, 25]}, "|docs/CD-i/FAQs/international-tennis-open/international-tennis-open-faqs-41089.txt": {"hash": "46a0682062accc06ae7d27b5ffae6d82", "size": 24800, "tags": [22, 24, 25]}, "|docs/CD-i/FAQs/laffaire-morlov/laffaire-morlov-faqs-2307.txt": {"hash": "1def71b0c2ddbeea9eec8b1c4eb2b0ea", "size": 3734, "tags": [22, 24, 25]}, "|docs/CD-i/FAQs/laser-lords/laser-lords-faqs-20798.txt": {"hash": "dff802d3db7eaa13cd00f9cd9187152d", "size": 42247, "tags": [22, 24, 25]}, "|docs/CD-i/FAQs/lemmings/lemmings-faqs-18338.txt": {"hash": "fcda01c2e9dfc06547544858c0a3b583", "size": 137498, "tags": [22, 24, 25]}, "|docs/CD-i/FAQs/link-the-faces-of-evil/link-the-faces-of-evil-faqs-25766.txt": {"hash": "8bc6bc13497a74a51e729be783957217", "size": 202113, "tags": [22, 24, 25]}, "|docs/CD-i/FAQs/link-the-faces-of-evil/link-the-faces-of-evil-faqs-2634.txt": {"hash": "99776d3b34c1f0b16e4b1bb244b91ac4", "size": 11802, "tags": [22, 24, 25]}, "|docs/CD-i/FAQs/link-the-faces-of-evil/link-the-faces-of-evil-faqs-27159.txt": {"hash": "bb3da6b428a214cd115246e7ee41fd14", "size": 14455, "tags": [22, 24, 25]}, "|docs/CD-i/FAQs/mad-dog-mccree/mad-dog-mccree-faqs-14982.txt": {"hash": "be5d133c4e333160aadf599fb882b75b", "size": 15212, "tags": [22, 24, 25]}, "|docs/CD-i/FAQs/myst/myst-faqs-46655.txt": {"hash": "4adbace49d97ec01dd260c7fdb3384c2", "size": 28612, "tags": [22, 24, 25]}, "|docs/CD-i/FAQs/myst/myst-faqs-46825.txt": {"hash": "e6a2c8782cd5d2891eda8d82889cc172", "size": 32403, "tags": [22, 24, 25]}, "|docs/CD-i/FAQs/myst/myst-faqs-47071.txt": {"hash": "a3c6ff62ca069a15e90355972a24fc67", "size": 52535, "tags": [22, 24, 25]}, "|docs/CD-i/FAQs/myst/myst-faqs-47858.txt": {"hash": "5c6a625bca8cb4205550b36cbfac91a9", "size": 51384, "tags": [22, 24, 25]}, "|docs/CD-i/FAQs/space-ace/space-ace-faqs-1293.txt": {"hash": "087e6244ef06d33091833b3f6d2a90a8", "size": 29265, "tags": [22, 24, 25]}, "|docs/CD-i/FAQs/the-7th-guest/the-7th-guest-faqs-2075.txt": {"hash": "cb713ded3a144ce822b9adee6cb00b18", "size": 42034, "tags": [22, 24, 25]}, "|docs/CD-i/FAQs/the-7th-guest/the-7th-guest-faqs-43219.txt": {"hash": "4d7116f87261a3ded114ea780ac408c7", "size": 26702, "tags": [22, 24, 25]}, "|docs/CD-i/FAQs/the-7th-guest/the-7th-guest-faqs-6058.txt": {"hash": "7d2a60694ee570d3c9e53876235622ad", "size": 16249, "tags": [22, 24, 25]}, "|docs/CD-i/FAQs/the-7th-guest/the-7th-guest-faqs-64974.txt": {"hash": "a50f8ee0c2c955f1153f76e7584c9534", "size": 24974, "tags": [22, 24, 25]}, "|docs/CD-i/FAQs/the-dame-was-loaded/the-dame-was-loaded-faqs-1669.txt": {"hash": "53b9856f8e3bdf302480581d7142c83b", "size": 30670, "tags": [22, 24, 25]}, "|docs/CD-i/FAQs/the-wacky-world-of-miniature-golf-with-eugene-levy/the-wacky-world-of-miniature-golf-with-eugene-levy-faqs-63321.txt": {"hash": "741fca6dc43e635c2e054a8fca97ed0c", "size": 21492, "tags": [22, 24, 25]}, "|docs/CD-i/FAQs/voyeur/voyeur-faqs-72532.txt": {"hash": "d26ed1ea0ccda6c6ec9ae7cc3424bf0b", "size": 8965, "tags": [22, 24, 25]}, "|docs/CD-i/FAQs/zelda-the-wand-of-gamelon/zelda-the-wand-of-gamelon-faqs-25766.txt": {"hash": "8bc6bc13497a74a51e729be783957217", "size": 202113, "tags": [22, 24, 25]}, "|docs/CD-i/FAQs/zelda-the-wand-of-gamelon/zelda-the-wand-of-gamelon-faqs-2635.txt": {"hash": "097229a86b9fdd0af8c726569cab56b8", "size": 14655, "tags": [22, 24, 25]}, "|docs/CD-i/FAQs/zeldas-adventure/zeldas-adventure-faqs-15120.txt": {"hash": "aef874c0b33d2b2ba565bf270b6be2e7", "size": 69114, "tags": [22, 24, 25]}, "|docs/CD-i/FAQs/zeldas-adventure/zeldas-adventure-faqs-25766.txt": {"hash": "8bc6bc13497a74a51e729be783957217", "size": 202113, "tags": [22, 24, 25]}, "|docs/Jaguar/Jaguar CD FAQs/blue-lightning/blue-lightning-faqs-56650.txt": {"hash": "56fcf6ce8070e664087f97d0f9abaab4", "size": 39286, "tags": [22, 26, 27]}, "|docs/Jaguar/Jaguar CD FAQs/brain-dead-13/brain-dead-13-faqs-2140.txt": {"hash": "cf86e542a632b8729e42cfbdb5fa16df", "size": 1809, "tags": [22, 26, 27]}, "|docs/Jaguar/Jaguar CD FAQs/brain-dead-13/brain-dead-13-faqs-2141.txt": {"hash": "43f6705b60d417f8785f64fc1090741e", "size": 4278, "tags": [22, 26, 27]}, "|docs/Jaguar/Jaguar CD FAQs/dragons-lair/dragons-lair-faqs-56733.txt": {"hash": "622d5ea962d5ffdcc3f45008b8ca2881", "size": 18676, "tags": [22, 26, 27]}, "|docs/Jaguar/Jaguar CD FAQs/highlander-the-last-of-the-macleods/highlander-the-last-of-the-macleods-faqs-2903.txt": {"hash": "ed4da64080cc22fad4bc327430c613c5", "size": 10779, "tags": [22, 26, 27]}, "|docs/Jaguar/Jaguar CD FAQs/hover-strike-unconquered-lands/hover-strike-unconquered-lands-faqs-57520.txt": {"hash": "2ef64657abb6e0207fa34a48851322d2", "size": 55259, "tags": [22, 26, 27]}, "|docs/Jaguar/Jaguar CD FAQs/iron-soldier-2/iron-soldier-2-faqs-61146.txt": {"hash": "015c32c13c0216c04b9b550a2666e2cb", "size": 75263, "tags": [22, 26, 27]}, "|docs/Jaguar/Jaguar CD FAQs/jaguar-cd/jaguar-cd-faqs-2895.txt": {"hash": "7c1875302365a6174574066cdf1fdf24", "size": 110430, "tags": [22, 26, 27]}, "|docs/Jaguar/Jaguar CD FAQs/myst/myst-faqs-20692.txt": {"hash": "7e0c626956bb37ad5a45d07b8839bd4e", "size": 221154, "tags": [22, 26, 27]}, "|docs/Jaguar/Jaguar CD FAQs/myst/myst-faqs-2096.txt": {"hash": "aad0c2dca9413edf6e5cd9c6e39ab0fc", "size": 12736, "tags": [22, 26, 27]}, "|docs/Jaguar/Jaguar CD FAQs/myst/myst-faqs-2097.txt": {"hash": "26c379ca0d7574f1b100257f10ab4b65", "size": 16711, "tags": [22, 26, 27]}, "|docs/Jaguar/Jaguar CD FAQs/myst/myst-faqs-34779.txt": {"hash": "ba2b46ba7a6fdc79c8516e1164d2db3a", "size": 13071, "tags": [22, 26, 27]}, "|docs/Jaguar/Jaguar CD FAQs/myst/myst-faqs-41565.txt": {"hash": "b63db47b77b10dbf3b48da0ac6d78d2a", "size": 11365, "tags": [22, 26, 27]}, "|docs/Jaguar/Jaguar CD FAQs/myst/myst-faqs-46655.txt": {"hash": "4adbace49d97ec01dd260c7fdb3384c2", "size": 28612, "tags": [22, 26, 27]}, "|docs/Jaguar/Jaguar CD FAQs/myst/myst-faqs-46825.txt": {"hash": "e6a2c8782cd5d2891eda8d82889cc172", "size": 32403, "tags": [22, 26, 27]}, "|docs/Jaguar/Jaguar CD FAQs/myst/myst-faqs-47071.txt": {"hash": "a3c6ff62ca069a15e90355972a24fc67", "size": 52535, "tags": [22, 26, 27]}, "|docs/Jaguar/Jaguar CD FAQs/myst/myst-faqs-47858.txt": {"hash": "5c6a625bca8cb4205550b36cbfac91a9", "size": 51384, "tags": [22, 26, 27]}, "|docs/Jaguar/Jaguar CD FAQs/ocean-depths/ocean-depths-faqs-58376.txt": {"hash": "d726323c0be3bee1ad7a44b8a9505680", "size": 10797, "tags": [22, 26, 27]}, "|docs/Jaguar/Jaguar CD FAQs/primal-rage/primal-rage-faqs-36288.txt": {"hash": "73bc50cf94618bfbadb301216dd0c774", "size": 20449, "tags": [22, 26, 27]}, "|docs/Jaguar/Jaguar CD FAQs/primal-rage/primal-rage-faqs-757.txt": {"hash": "7c03eeab1e10b6d8e28ad5df1e48a211", "size": 199552, "tags": [22, 26, 27]}, "|docs/Jaguar/Jaguar CD FAQs/primal-rage/primal-rage-faqs-758.txt": {"hash": "2ab7798c7d4bdf41fa1a02bca8768b0a", "size": 12110, "tags": [22, 26, 27]}, "|docs/Jaguar/Jaguar CD FAQs/space-ace/space-ace-faqs-1293.txt": {"hash": "087e6244ef06d33091833b3f6d2a90a8", "size": 29265, "tags": [22, 26, 27]}, "|docs/Jaguar/Jaguar CD FAQs/vid-grid/vid-grid-faqs-55836.txt": {"hash": "a52a15d182038d08bade93e7b190cc57", "size": 29219, "tags": [22, 26, 27]}, "|docs/Jaguar/Jaguar CD FAQs/virtual-light-machine/virtual-light-machine-faqs-55196.txt": {"hash": "23d1bdcbad42e280e905711289dd9957", "size": 5938, "tags": [22, 26, 27]}, "|docs/Jaguar/Jaguar CD FAQs/world-tour-racing/world-tour-racing-faqs-59234.txt": {"hash": "6c634a2bc416229e429131e82fe5b1c8", "size": 27746, "tags": [22, 26, 27]}, "|docs/Jaguar/Jaguar FAQs/alien-vs-predator/alien-vs-predator-faqs-8219.txt": {"hash": "f19235112a14d486ffa85570df162cce", "size": 22588, "tags": [22, 26, 28]}, "|docs/Jaguar/Jaguar FAQs/atari-karts/atari-karts-faqs-35986.txt": {"hash": "5538f7c935b34f9ec56f239b766c55db", "size": 23346, "tags": [22, 26, 28]}, "|docs/Jaguar/Jaguar FAQs/atari-karts/atari-karts-faqs-60397.txt": {"hash": "42dee8255ddbd7c669afcfff9823f81e", "size": 23417, "tags": [22, 26, 28]}, "|docs/Jaguar/Jaguar FAQs/attack-of-the-mutant-penguins/attack-of-the-mutant-penguins-faqs-9124.txt": {"hash": "ab801d87ae66b617301a9adb8f0e2221", "size": 16440, "tags": [22, 26, 28]}, "|docs/Jaguar/Jaguar FAQs/battlesphere/battlesphere-faqs-2896.txt": {"hash": "5b6e0b2dc32349ac88f3d9be7093d2b7", "size": 25132, "tags": [22, 26, 28]}, "|docs/Jaguar/Jaguar FAQs/brutal-sports-football/brutal-sports-football-faqs-2897.txt": {"hash": "53760ba3e0f7db5c6194c94c6e70a08a", "size": 8149, "tags": [22, 26, 28]}, "|docs/Jaguar/Jaguar FAQs/brutal-sports-football/brutal-sports-football-faqs-57269.txt": {"hash": "f012578af984eea8cafc1547a558db0e", "size": 35089, "tags": [22, 26, 28]}, "|docs/Jaguar/Jaguar FAQs/cannon-fodder/cannon-fodder-faqs-31040.txt": {"hash": "fb18b524123cbddaec7ab14c330efcb0", "size": 11583, "tags": [22, 26, 28]}, "|docs/Jaguar/Jaguar FAQs/cannon-fodder/cannon-fodder-faqs-31119.txt": {"hash": "5b40c13fe2f8f0e93f2191c54b282dbc", "size": 83748, "tags": [22, 26, 28]}, "|docs/Jaguar/Jaguar FAQs/cannon-fodder/cannon-fodder-faqs-60138.txt": {"hash": "43d61645b68b4452c15666e81551544e", "size": 8017, "tags": [22, 26, 28]}, "|docs/Jaguar/Jaguar FAQs/checkered-flag/checkered-flag-faqs-58984.txt": {"hash": "d3ef5d16944fe7bd74b5205b377e85c6", "size": 12677, "tags": [22, 26, 28]}, "|docs/Jaguar/Jaguar FAQs/cybermorph/cybermorph-faqs-27983.txt": {"hash": "c5f665b995704e53e53ccf82f1e634e7", "size": 37570, "tags": [22, 26, 28]}, "|docs/Jaguar/Jaguar FAQs/defender-2000/defender-2000-faqs-2898.txt": {"hash": "ccced6a8ee185805d58acf1a8927f47b", "size": 11181, "tags": [22, 26, 28]}, "|docs/Jaguar/Jaguar FAQs/defender-2000/defender-2000-faqs-57111.txt": {"hash": "85a1d8ccdca56b2dab970aa600575786", "size": 25603, "tags": [22, 26, 28]}, "|docs/Jaguar/Jaguar FAQs/doom/doom-faqs-1692.txt": {"hash": "66489c42844cefafacb58952f4feab57", "size": 20488, "tags": [22, 26, 28]}, "|docs/Jaguar/Jaguar FAQs/doom/doom-faqs-1694.txt": {"hash": "061ff19f393011e7b58db08e851d86b2", "size": 74319, "tags": [22, 26, 28]}, "|docs/Jaguar/Jaguar FAQs/doom/doom-faqs-16956.txt": {"hash": "265d47d652b8ff9fd3cb98f927bf1dff", "size": 56702, "tags": [22, 26, 28]}, "|docs/Jaguar/Jaguar FAQs/doom/doom-faqs-1774.txt": {"hash": "2937ffe90ce46b1a39296e82c8360fdb", "size": 210625, "tags": [22, 26, 28]}, "|docs/Jaguar/Jaguar FAQs/doom/doom-faqs-1776.txt": {"hash": "027afa227aa751f227209cc5a2f29597", "size": 58091, "tags": [22, 26, 28]}, "|docs/Jaguar/Jaguar FAQs/doom/doom-faqs-1779.txt": {"hash": "d6275e0e2dac17bf02353c770906f083", "size": 107060, "tags": [22, 26, 28]}, "|docs/Jaguar/Jaguar FAQs/doom/doom-faqs-28845.txt": {"hash": "7c7489be3b2232aface9a5903f62e543", "size": 68177, "tags": [22, 26, 28]}, "|docs/Jaguar/Jaguar FAQs/double-dragon-v-the-shadow-falls/double-dragon-v-the-shadow-falls-faqs-2773.txt": {"hash": "4650ffb773284e681a0a468683b5cfd2", "size": 6907, "tags": [22, 26, 28]}, "|docs/Jaguar/Jaguar FAQs/double-dragon-v-the-shadow-falls/double-dragon-v-the-shadow-falls-faqs-2774.txt": {"hash": "256c8aa1f1277f25659429753cbf1a3d", "size": 2698, "tags": [22, 26, 28]}, "|docs/Jaguar/Jaguar FAQs/dragon-the-bruce-lee-story/dragon-the-bruce-lee-story-faqs-28155.txt": {"hash": "efd44b8cbdd8db6d922f4e2f4a691ae9", "size": 24763, "tags": [22, 26, 28]}, "|docs/Jaguar/Jaguar FAQs/fight-for-life/fight-for-life-faqs-2899.txt": {"hash": "8f8de5c7cdb0a3ebf0e481323819a058", "size": 6642, "tags": [22, 26, 28]}, "|docs/Jaguar/Jaguar FAQs/flashback-the-quest-for-identity/flashback-the-quest-for-identity-faqs-2127.txt": {"hash": "e89240175a7391d5961993a471d9597b", "size": 16472, "tags": [22, 26, 28]}, "|docs/Jaguar/Jaguar FAQs/flashback-the-quest-for-identity/flashback-the-quest-for-identity-faqs-38663.txt": {"hash": "65859ebad78b905457e5f7277ccd090b", "size": 87557, "tags": [22, 26, 28]}, "|docs/Jaguar/Jaguar FAQs/flashback-the-quest-for-identity/flashback-the-quest-for-identity-faqs-47743.txt": {"hash": "d12cd764581df544723302eca8fb390b", "size": 34281, "tags": [22, 26, 28]}, "|docs/Jaguar/Jaguar FAQs/flipout/flipout-faqs-57146.txt": {"hash": "20ab5eba57ece1efa545072eaadd2f23", "size": 38681, "tags": [22, 26, 28]}, "|docs/Jaguar/Jaguar FAQs/hover-strike/hover-strike-faqs-57521.txt": {"hash": "e4b781c28d80ec26660b5fe1db1ab0b0", "size": 50106, "tags": [22, 26, 28]}, "|docs/Jaguar/Jaguar FAQs/iron-soldier-2/iron-soldier-2-faqs-61146.txt": {"hash": "015c32c13c0216c04b9b550a2666e2cb", "size": 75263, "tags": [22, 26, 28]}, "|docs/Jaguar/Jaguar FAQs/iron-soldier/iron-soldier-faqs-14997.txt": {"hash": "be276286deb0e3bdedb65de2be6f4b05", "size": 40436, "tags": [22, 26, 28]}, "|docs/Jaguar/Jaguar FAQs/iron-soldier/iron-soldier-faqs-22914.txt": {"hash": "66067489e7374a67a5eb717479cb27f9", "size": 62389, "tags": [22, 26, 28]}, "|docs/Jaguar/Jaguar FAQs/iron-soldier/iron-soldier-faqs-2900.txt": {"hash": "3897a8c3decfba9e07978c0ce15dd982", "size": 18733, "tags": [22, 26, 28]}, "|docs/Jaguar/Jaguar FAQs/jaguar/jaguar-faqs-2895.txt": {"hash": "7c1875302365a6174574066cdf1fdf24", "size": 110430, "tags": [22, 26, 28]}, "|docs/Jaguar/Jaguar FAQs/kasumi-ninja/kasumi-ninja-faqs-28156.txt": {"hash": "6fc56b631fb82e70c4326ffa1c343159", "size": 22541, "tags": [22, 26, 28]}, "|docs/Jaguar/Jaguar FAQs/kasumi-ninja/kasumi-ninja-faqs-2901.txt": {"hash": "1db70acd0f96cd1a62b034e1bf9ae87c", "size": 12438, "tags": [22, 26, 28]}, "|docs/Jaguar/Jaguar FAQs/kasumi-ninja/kasumi-ninja-faqs-57555.txt": {"hash": "1c033603ebfb693add99fb20e33987d6", "size": 30250, "tags": [22, 26, 28]}, "|docs/Jaguar/Jaguar FAQs/nba-jam-tournament-edition/nba-jam-tournament-edition-faqs-40139.txt": {"hash": "f82cfa90fa97bc6bcac53465fe3a46e7", "size": 10819, "tags": [22, 26, 28]}, "|docs/Jaguar/Jaguar FAQs/nba-jam-tournament-edition/nba-jam-tournament-edition-faqs-749.txt": {"hash": "688c9762192170a1e77712d61819a320", "size": 34232, "tags": [22, 26, 28]}, "|docs/Jaguar/Jaguar FAQs/pitfall-the-mayan-adventure/pitfall-the-mayan-adventure-faqs-11001.txt": {"hash": "590aa33f2bc6acc6d18dc414cbb9f51b", "size": 7204, "tags": [22, 26, 28]}, "|docs/Jaguar/Jaguar FAQs/pitfall-the-mayan-adventure/pitfall-the-mayan-adventure-faqs-29636.txt": {"hash": "b22b7f9e42382a78e03f8d9402537c6e", "size": 25462, "tags": [22, 26, 28]}, "|docs/Jaguar/Jaguar FAQs/raiden/raiden-faqs-1302.txt": {"hash": "eb90116d40adc042ba16acdd8f1718c2", "size": 22139, "tags": [22, 26, 28]}, "|docs/Jaguar/Jaguar FAQs/rayman/rayman-faqs-1660.txt": {"hash": "931d17421bfdc4c821105c0d6ca80a5b", "size": 11105, "tags": [22, 26, 28]}, "|docs/Jaguar/Jaguar FAQs/rayman/rayman-faqs-40607.txt": {"hash": "633c16570d44030938d818426190a9fc", "size": 80035, "tags": [22, 26, 28]}, "|docs/Jaguar/Jaguar FAQs/rayman/rayman-faqs-43020.txt": {"hash": "4da24e5b8290967e00058cee11a17736", "size": 15282, "tags": [22, 26, 28]}, "|docs/Jaguar/Jaguar FAQs/super-burnout/super-burnout-faqs-55195.txt": {"hash": "14d955916378e06da865adb5314e2010", "size": 14542, "tags": [22, 26, 28]}, "|docs/Jaguar/Jaguar FAQs/supercross-3d/supercross-3d-faqs-57219.txt": {"hash": "31f9489490154d066ddd304a44a5d837", "size": 24861, "tags": [22, 26, 28]}, "|docs/Jaguar/Jaguar FAQs/tempest-2000/tempest-2000-faqs-55664.txt": {"hash": "e65dbd49391971321cd4c2659c08fafe", "size": 23630, "tags": [22, 26, 28]}, "|docs/Jaguar/Jaguar FAQs/theme-park/theme-park-faqs-1950.txt": {"hash": "2da7fd6a78e91a7acea456f899b8ce6b", "size": 57491, "tags": [22, 26, 28]}, "|docs/Jaguar/Jaguar FAQs/troy-aikman-nfl-football/troy-aikman-nfl-football-faqs-58013.txt": {"hash": "c568796de70371dc610d5ea005426fc9", "size": 29053, "tags": [22, 26, 28]}, "|docs/Jaguar/Jaguar FAQs/ultra-vortek/ultra-vortek-faqs-2902.txt": {"hash": "4c505e3079a06eee398892def59cf2f9", "size": 6330, "tags": [22, 26, 28]}, "|docs/Jaguar/Jaguar FAQs/white-men-cant-jump/white-men-cant-jump-faqs-56453.txt": {"hash": "df89323b8a152a8eeecd0a508c099210", "size": 20148, "tags": [22, 26, 28]}, "|docs/Jaguar/Jaguar FAQs/worms/worms-faqs-1527.txt": {"hash": "5b7f8616ae7cf75c2f99aee65a12a459", "size": 12232, "tags": [22, 26, 28]}, "|docs/Jaguar/Jaguar FAQs/worms/worms-faqs-1528.txt": {"hash": "03c7fe42e6619e82a6ba4bfc451fe715", "size": 14877, "tags": [22, 26, 28]}, "|docs/Jaguar/Jaguar FAQs/worms/worms-faqs-18239.txt": {"hash": "304a3963f9ce6de3661046d7e9985106", "size": 25638, "tags": [22, 26, 28]}, "|docs/Jaguar/Jaguar FAQs/zoop/zoop-faqs-10986.txt": {"hash": "1660fc37c02d68fca5ae5d29cfbd90dc", "size": 7150, "tags": [22, 26, 28]}, "|docs/S32X/FAQs/after-burner/after-burner-faqs-65262.txt": {"hash": "55cabadb866a8976c349d1cb886de538", "size": 6480, "tags": [22, 24, 29]}, "|docs/S32X/FAQs/blackthorne/blackthorne-faqs-11607.txt": {"hash": "cc25e2c2975e46a62a69e28e7175cdf7", "size": 48218, "tags": [22, 24, 29]}, "|docs/S32X/FAQs/blackthorne/blackthorne-faqs-2036.txt": {"hash": "30f02e5145def2fce3f6eb6be6fae1f9", "size": 2871, "tags": [22, 24, 29]}, "|docs/S32X/FAQs/brutal-above-the-claw/brutal-above-the-claw-faqs-16424.txt": {"hash": "4fc455744be41a5f31d53f10197453dd", "size": 12266, "tags": [22, 24, 29]}, "|docs/S32X/FAQs/cosmic-carnage/cosmic-carnage-faqs-32432.txt": {"hash": "945da51a3038e3329c66da4fa90eebb3", "size": 22299, "tags": [22, 24, 29]}, "|docs/S32X/FAQs/cosmic-carnage/cosmic-carnage-faqs-32691.txt": {"hash": "3993034a9069b8482c7b825c7faede32", "size": 17405, "tags": [22, 24, 29]}, "|docs/S32X/FAQs/doom/doom-faqs-1692.txt": {"hash": "66489c42844cefafacb58952f4feab57", "size": 20488, "tags": [22, 24, 29]}, "|docs/S32X/FAQs/doom/doom-faqs-1694.txt": {"hash": "061ff19f393011e7b58db08e851d86b2", "size": 74319, "tags": [22, 24, 29]}, "|docs/S32X/FAQs/doom/doom-faqs-1774.txt": {"hash": "2937ffe90ce46b1a39296e82c8360fdb", "size": 210625, "tags": [22, 24, 29]}, "|docs/S32X/FAQs/doom/doom-faqs-1776.txt": {"hash": "027afa227aa751f227209cc5a2f29597", "size": 58091, "tags": [22, 24, 29]}, "|docs/S32X/FAQs/doom/doom-faqs-1779.txt": {"hash": "d6275e0e2dac17bf02353c770906f083", "size": 107060, "tags": [22, 24, 29]}, "|docs/S32X/FAQs/doom/doom-faqs-28845.txt": {"hash": "7c7489be3b2232aface9a5903f62e543", "size": 68177, "tags": [22, 24, 29]}, "|docs/S32X/FAQs/doom/doom-faqs-5328.txt": {"hash": "78b8e67b902ea6bf417fa54db214102c", "size": 61948, "tags": [22, 24, 29]}, "|docs/S32X/FAQs/knuckles-chaotix/knuckles-chaotix-faqs-10119.txt": {"hash": "d9d8664c2e816833276d79ae18314ce8", "size": 9674, "tags": [22, 24, 29]}, "|docs/S32X/FAQs/knuckles-chaotix/knuckles-chaotix-faqs-10397.txt": {"hash": "2065dacc6dbae5c0a3bde90f3c0ba051", "size": 10833, "tags": [22, 24, 29]}, "|docs/S32X/FAQs/knuckles-chaotix/knuckles-chaotix-faqs-29965.txt": {"hash": "7149c1e615c759f822444cdffbc8ec9a", "size": 11991, "tags": [22, 24, 29]}, "|docs/S32X/FAQs/kolibri/kolibri-faqs-23396.txt": {"hash": "a5f7080ddf5e5c465fbbe6f2aea335f1", "size": 44425, "tags": [22, 24, 29]}, "|docs/S32X/FAQs/mortal-kombat-ii/mortal-kombat-ii-faqs-18567.txt": {"hash": "186bf5032bc39e1684afcf0b45a1ccca", "size": 60675, "tags": [22, 24, 29]}, "|docs/S32X/FAQs/mortal-kombat-ii/mortal-kombat-ii-faqs-711.txt": {"hash": "aaab237e327fa3102515d49f2cf4f313", "size": 14816, "tags": [22, 24, 29]}, "|docs/S32X/FAQs/mortal-kombat-ii/mortal-kombat-ii-faqs-712.txt": {"hash": "65a8790320104ae0269b5f4d415ae0f9", "size": 99782, "tags": [22, 24, 29]}, "|docs/S32X/FAQs/mortal-kombat-ii/mortal-kombat-ii-faqs-713.txt": {"hash": "39f18179c2f7f61ac3d43232d4aebc7d", "size": 43947, "tags": [22, 24, 29]}, "|docs/S32X/FAQs/mortal-kombat-ii/mortal-kombat-ii-faqs-714.txt": {"hash": "f34864ded241f2b9ed305c83c7d07b3e", "size": 46096, "tags": [22, 24, 29]}, "|docs/S32X/FAQs/mortal-kombat-ii/mortal-kombat-ii-faqs-715.txt": {"hash": "aa094e7e16422e07c0e660ce49151cf2", "size": 8694, "tags": [22, 24, 29]}, "|docs/S32X/FAQs/mortal-kombat-ii/mortal-kombat-ii-faqs-716.txt": {"hash": "04e914de4449b4a6915076b46fb38f91", "size": 74169, "tags": [22, 24, 29]}, "|docs/S32X/FAQs/mortal-kombat-ii/mortal-kombat-ii-faqs-718.txt": {"hash": "9fea651286242dcd237d60bf6813ff64", "size": 8348, "tags": [22, 24, 29]}, "|docs/S32X/FAQs/mortal-kombat-ii/mortal-kombat-ii-faqs-719.txt": {"hash": "e6e27894ec32c08354f302d74589c07a", "size": 10428, "tags": [22, 24, 29]}, "|docs/S32X/FAQs/mortal-kombat-ii/mortal-kombat-ii-faqs-720.txt": {"hash": "445481d49c60284fb81ec94a003016ad", "size": 2966, "tags": [22, 24, 29]}, "|docs/S32X/FAQs/mortal-kombat-ii/mortal-kombat-ii-faqs-721.txt": {"hash": "f1efdc67c4429e0cd4967d5d0c451c36", "size": 3102, "tags": [22, 24, 29]}, "|docs/S32X/FAQs/mortal-kombat-ii/mortal-kombat-ii-faqs-9892.txt": {"hash": "b4f1a7182cf2e2ec5552c1a60f1c3d88", "size": 23694, "tags": [22, 24, 29]}, "|docs/S32X/FAQs/nba-jam-tournament-edition/nba-jam-tournament-edition-faqs-40139.txt": {"hash": "f82cfa90fa97bc6bcac53465fe3a46e7", "size": 10819, "tags": [22, 24, 29]}, "|docs/S32X/FAQs/nba-jam-tournament-edition/nba-jam-tournament-edition-faqs-749.txt": {"hash": "688c9762192170a1e77712d61819a320", "size": 34232, "tags": [22, 24, 29]}, "|docs/S32X/FAQs/night-trap/night-trap-faqs-2612.txt": {"hash": "1cb8123e7cce38711df4fc51c5a2507a", "size": 2274, "tags": [22, 24, 29]}, "|docs/S32X/FAQs/night-trap/night-trap-faqs-2613.txt": {"hash": "1ca452af4298b7abad033486273c90d3", "size": 7572, "tags": [22, 24, 29]}, "|docs/S32X/FAQs/night-trap/night-trap-faqs-44491.txt": {"hash": "51e907ea04e180558b9bdd9739b08d79", "size": 7369, "tags": [22, 24, 29]}, "|docs/S32X/FAQs/night-trap/night-trap-faqs-53217.txt": {"hash": "c4e3f57628825f81b2124ea1a1ba617f", "size": 49317, "tags": [22, 24, 29]}, "|docs/S32X/FAQs/pitfall-the-mayan-adventure/pitfall-the-mayan-adventure-faqs-11001.txt": {"hash": "590aa33f2bc6acc6d18dc414cbb9f51b", "size": 7204, "tags": [22, 24, 29]}, "|docs/S32X/FAQs/pitfall-the-mayan-adventure/pitfall-the-mayan-adventure-faqs-29636.txt": {"hash": "b22b7f9e42382a78e03f8d9402537c6e", "size": 25462, "tags": [22, 24, 29]}, "|docs/S32X/FAQs/san-goku-shi-iv/san-goku-shi-iv-faqs-22377.txt": {"hash": "f457c39933b3e2a741e902c6b63494b8", "size": 137303, "tags": [22, 24, 29]}, "|docs/S32X/FAQs/sega-32x/sega-32x-faqs-17760.txt": {"hash": "511d841483ab736a3061e0d359a9d9cd", "size": 47065, "tags": [22, 24, 29]}, "|docs/S32X/FAQs/sega-32x/sega-32x-faqs-2755.txt": {"hash": "2d7d45a85fa5aec99ed00561098867e4", "size": 49306, "tags": [22, 24, 29]}, "|docs/S32X/FAQs/sega-32x/sega-32x-faqs-5327.txt": {"hash": "5182ca2722cace73e615b92f23021884", "size": 24348, "tags": [22, 24, 29]}, "|docs/S32X/FAQs/shadow-squadron/shadow-squadron-faqs-22025.txt": {"hash": "1900f248bd8e20e8ca9a3a4e8ee744e9", "size": 25849, "tags": [22, 24, 29]}, "|docs/S32X/FAQs/slam-city-with-scottie-pippen/slam-city-with-scottie-pippen-faqs-72342.txt": {"hash": "40ef85f6513eb9bdb33b87736de4b277", "size": 27284, "tags": [22, 24, 29]}, "|docs/S32X/FAQs/star-wars-arcade/star-wars-arcade-faqs-25427.txt": {"hash": "564259f975b6c3509bb1fcace455e275", "size": 11886, "tags": [22, 24, 29]}, "|docs/S32X/FAQs/star-wars-arcade/star-wars-arcade-faqs-5329.txt": {"hash": "f4ee9ae96d6360c2b3bbf98b22780ea2", "size": 3450, "tags": [22, 24, 29]}, "|docs/S32X/FAQs/t-mek/t-mek-faqs-935.txt": {"hash": "9aa5f4c8c74eba0db466ad72bf246f26", "size": 22222, "tags": [22, 24, 29]}, "|docs/S32X/FAQs/virtua-fighter/virtua-fighter-faqs-1096.txt": {"hash": "a800ce94a5d314cb62852758342350dc", "size": 76041, "tags": [22, 24, 29]}, "|docs/S32X/FAQs/virtua-fighter/virtua-fighter-faqs-1097.txt": {"hash": "916c70bd0725ea96746ffe9bc72b85b6", "size": 9465, "tags": [22, 24, 29]}, "|docs/S32X/FAQs/virtua-fighter/virtua-fighter-faqs-1098.txt": {"hash": "488ed17b43577aae816731e5429d731d", "size": 11256, "tags": [22, 24, 29]}, "|docs/S32X/FAQs/virtua-fighter/virtua-fighter-faqs-1099.txt": {"hash": "1e263036a98d2b83cd4110149b18b2d8", "size": 13733, "tags": [22, 24, 29]}, "|docs/S32X/FAQs/virtua-fighter/virtua-fighter-faqs-1100.txt": {"hash": "d73c61304ed3f6908d301e4f8517ca58", "size": 2003, "tags": [22, 24, 29]}, "|docs/S32X/FAQs/virtua-fighter/virtua-fighter-faqs-14779.txt": {"hash": "f7df67fcb4172d779df387075fd17d67", "size": 37668, "tags": [22, 24, 29]}, "|docs/S32X/FAQs/virtua-fighter/virtua-fighter-faqs-17568.txt": {"hash": "50b4a94f8d46a6fac240fa8586071313", "size": 46938, "tags": [22, 24, 29]}, "|docs/S32X/FAQs/virtua-fighter/virtua-fighter-faqs-17571.txt": {"hash": "0911ab9ad5513e27bd99db9e13e0872b", "size": 87077, "tags": [22, 24, 29]}, "|docs/S32X/FAQs/virtua-fighter/virtua-fighter-faqs-20523.txt": {"hash": "7dec17f285b6583f41947f9f45a98756", "size": 9425, "tags": [22, 24, 29]}, "|docs/S32X/FAQs/virtua-fighter/virtua-fighter-faqs-9924.txt": {"hash": "1e3195021270d59a9ed29503485b0eb6", "size": 10943, "tags": [22, 24, 29]}, "|docs/S32X/FAQs/wwf-raw/wwf-raw-faqs-18320.txt": {"hash": "f67433498b0363382646885c2d75e104", "size": 32393, "tags": [22, 24, 29]}, "|docs/S32X/FAQs/wwf-raw/wwf-raw-faqs-2883.txt": {"hash": "f96def082337a297b1a1935fb614e1b8", "size": 2446, "tags": [22, 24, 29]}, "|docs/S32X/FAQs/wwf-wrestlemania-the-arcade-game/wwf-wrestlemania-the-arcade-game-faqs-10147.txt": {"hash": "a39744ad25985d36af196631f7395296", "size": 12692, "tags": [22, 24, 29]}, "|docs/S32X/FAQs/wwf-wrestlemania-the-arcade-game/wwf-wrestlemania-the-arcade-game-faqs-1176.txt": {"hash": "47d6ad9a9d8a41a3c72ef857baca1b27", "size": 60987, "tags": [22, 24, 29]}, "|docs/S32X/FAQs/wwf-wrestlemania-the-arcade-game/wwf-wrestlemania-the-arcade-game-faqs-2886.txt": {"hash": "36154f5d4d1226ee99c2f8427f21169f", "size": 9073, "tags": [22, 24, 29]}, "|docs/WonderSwan/FAQs/beatmania-for-wonderswan/beatmania-for-wonderswan-faqs-2700.txt": {"hash": "ba7c7230fb1ffa39e2c963be401bf930", "size": 53466, "tags": [22, 24, 30]}, "|docs/WonderSwan/FAQs/beatmania-for-wonderswan/beatmania-for-wonderswan-faqs-28389.txt": {"hash": "b6314ce438d82c8ed2f6360a1ad5ce63", "size": 31405, "tags": [22, 24, 30]}, "|docs/WonderSwan/FAQs/beatmania-for-wonderswan/beatmania-for-wonderswan-faqs-4771.txt": {"hash": "7e4aece9b39a0a4bb78074b01a474463", "size": 53151, "tags": [22, 24, 30]}, "|docs/WonderSwan/FAQs/beatmania-for-wonderswan/beatmania-for-wonderswan-faqs-555.txt": {"hash": "ee4d7a85903376457c243b08ab542aab", "size": 288663, "tags": [22, 24, 30]}, "|docs/WonderSwan/FAQs/beatmania-for-wonderswan/beatmania-for-wonderswan-faqs-5960.txt": {"hash": "fb7ed210406de56fe8e062595e0ed7d6", "size": 8406, "tags": [22, 24, 30]}, "|docs/WonderSwan/FAQs/clock-tower-for-wonderswan/clock-tower-for-wonderswan-faqs-13535.txt": {"hash": "7da8ade6b378690ef9e0f7f1693f8f64", "size": 70333, "tags": [22, 24, 30]}, "|docs/WonderSwan/FAQs/digimon-adventure-anode-tamer/digimon-adventure-anode-tamer-faqs-42413.txt": {"hash": "1b274518fb6c3818f9d2ec808de723ce", "size": 49219, "tags": [22, 24, 30]}, "|docs/WonderSwan/FAQs/digimon-adventure-anode-tamer/digimon-adventure-anode-tamer-faqs-7601.txt": {"hash": "0fe622f2b6d7b079496fefee38c5c162", "size": 11244, "tags": [22, 24, 30]}, "|docs/WonderSwan/FAQs/digimon-adventure-cathode-tamer/digimon-adventure-cathode-tamer-faqs-42413.txt": {"hash": "1b274518fb6c3818f9d2ec808de723ce", "size": 49219, "tags": [22, 24, 30]}, "|docs/WonderSwan/FAQs/digimon-adventure-cathode-tamer/digimon-adventure-cathode-tamer-faqs-7601.txt": {"hash": "0fe622f2b6d7b079496fefee38c5c162", "size": 11244, "tags": [22, 24, 30]}, "|docs/WonderSwan/FAQs/engacho-for-wonderswan/engacho-for-wonderswan-faqs-11037.txt": {"hash": "1c3f1211c694c2c3ac362d4f549d6138", "size": 71446, "tags": [22, 24, 30]}, "|docs/WonderSwan/FAQs/fire-prowrestling-for-wonderswan/fire-prowrestling-for-wonderswan-faqs-74238.txt": {"hash": "d04ee69b6146b051b57cf676a8265c54", "size": 160873, "tags": [22, 24, 30]}, "|docs/WonderSwan/FAQs/gunpey/gunpey-faqs-5957.txt": {"hash": "d2ecc3682e74483a007ed99199063973", "size": 6150, "tags": [22, 24, 30]}, "|docs/WonderSwan/FAQs/kaze-no-klonoa-moonlight-museum/kaze-no-klonoa-moonlight-museum-faqs-17531.txt": {"hash": "9c7b7ab72344463ec16e98f5e29d91c2", "size": 139342, "tags": [22, 24, 30]}, "|docs/WonderSwan/FAQs/kaze-no-klonoa-moonlight-museum/kaze-no-klonoa-moonlight-museum-faqs-70136.txt": {"hash": "13141786518e7a269f9de6256a1152de", "size": 14933, "tags": [22, 24, 30]}, "|docs/WonderSwan/FAQs/lode-runner-for-wonderswan/lode-runner-for-wonderswan-faqs-45178.txt": {"hash": "b28d3b447f3f8cf34cec98c5d96e675c", "size": 208217, "tags": [22, 24, 30]}, "|docs/WonderSwan/FAQs/makai-mura-for-wonderswan/makai-mura-for-wonderswan-faqs-40959.txt": {"hash": "e8caa9b0f31c432301297ba27316a7f3", "size": 58392, "tags": [22, 24, 30]}, "|docs/WonderSwan/FAQs/medarot-perfect-edition-kabuto-version/medarot-perfect-edition-kabuto-version-faqs-18174.txt": {"hash": "29518e0fa3baf3bfd60415393ff594c3", "size": 7730, "tags": [22, 24, 30]}, "|docs/WonderSwan/FAQs/mobile-suit-gundam-msvs/mobile-suit-gundam-msvs-faqs-17536.txt": {"hash": "65b32a2c0daf3e4f215ca750da1557cc", "size": 108523, "tags": [22, 24, 30]}, "|docs/WonderSwan/FAQs/pocket-fighter/pocket-fighter-faqs-16698.txt": {"hash": "e6069ca06b60c6d2bfc1027ed9d871ba", "size": 10473, "tags": [22, 24, 30]}, "|docs/WonderSwan/FAQs/pocket-fighter/pocket-fighter-faqs-16934.txt": {"hash": "b08e30d777b247779f1d77230e08c3f7", "size": 12437, "tags": [22, 24, 30]}, "|docs/WonderSwan/FAQs/rockman-and-forte/rockman-and-forte-faqs-19525.txt": {"hash": "92e419aa0a0c9e345781f9f686ae030e", "size": 14846, "tags": [22, 24, 30]}, "|docs/WonderSwan/FAQs/rockman-and-forte/rockman-and-forte-faqs-22597.txt": {"hash": "cbdca2718042a9f3ed51c72e6ec957a5", "size": 12090, "tags": [22, 24, 30]}, "|docs/WonderSwan/FAQs/rockman-and-forte/rockman-and-forte-faqs-29827.txt": {"hash": "09ba693186139f42a76830a918b3e000", "size": 275185, "tags": [22, 24, 30]}, "|docs/WonderSwan/FAQs/sd-gundam-g-generation-gather-beat/sd-gundam-g-generation-gather-beat-faqs-41446.txt": {"hash": "e7dfcdb1b0b0f67b0d5364304fbb12ff", "size": 104937, "tags": [22, 24, 30]}, "|docs/WonderSwan/FAQs/shin-nippon-pro-wrestling-toukon-retsuden/shin-nippon-pro-wrestling-toukon-retsuden-faqs-73013.txt": {"hash": "cd6137db0690039beae5ef6577276d90", "size": 12664, "tags": [22, 24, 30]}, "|docs/WonderSwan/FAQs/super-robot-taisen-compact-2-dai-1-bu-chijou-gekidou-hen/super-robot-taisen-compact-2-dai-1-bu-chijou-gekidou-hen-faqs-29673.txt": {"hash": "78a9a03e9b41e8b2cd00c47933885688", "size": 711057, "tags": [22, 24, 30]}, "|docs/WonderSwan/FAQs/super-robot-taisen-compact-2-dai-1-bu-chijou-gekidou-hen/super-robot-taisen-compact-2-dai-1-bu-chijou-gekidou-hen-faqs-48031.txt": {"hash": "8eaf911c1dc7731177adeb1b12677593", "size": 188996, "tags": [22, 24, 30]}, "|docs/WonderSwan/FAQs/super-robot-taisen-compact-2-dai-2-bu-uchuu-gekishin-hen/super-robot-taisen-compact-2-dai-2-bu-uchuu-gekishin-hen-faqs-21304.txt": {"hash": "832a5eb769719dc0f7d4c3f96423c30b", "size": 4233, "tags": [22, 24, 30]}, "|docs/WonderSwan/FAQs/super-robot-taisen-compact-2-dai-2-bu-uchuu-gekishin-hen/super-robot-taisen-compact-2-dai-2-bu-uchuu-gekishin-hen-faqs-29673.txt": {"hash": "78a9a03e9b41e8b2cd00c47933885688", "size": 711057, "tags": [22, 24, 30]}, "|docs/WonderSwan/FAQs/super-robot-taisen-compact-2-dai-2-bu-uchuu-gekishin-hen/super-robot-taisen-compact-2-dai-2-bu-uchuu-gekishin-hen-faqs-56924.txt": {"hash": "f1fdc04e685996f15c894f0d826277a6", "size": 182642, "tags": [22, 24, 30]}, "|docs/WonderSwan/FAQs/super-robot-taisen-compact-2-dai-3-bu-ginga-kessen-hen/super-robot-taisen-compact-2-dai-3-bu-ginga-kessen-hen-faqs-29673.txt": {"hash": "78a9a03e9b41e8b2cd00c47933885688", "size": 711057, "tags": [22, 24, 30]}, "|docs/WonderSwan/FAQs/super-robot-taisen-compact/super-robot-taisen-compact-faqs-19038.txt": {"hash": "5124417ac75011e4ef1c89552d8e3863", "size": 145745, "tags": [22, 24, 30]}, "|docs/WonderSwan/FAQs/super-robot-taisen-compact/super-robot-taisen-compact-faqs-29673.txt": {"hash": "78a9a03e9b41e8b2cd00c47933885688", "size": 711057, "tags": [22, 24, 30]}, "|docs/WonderSwan/FAQs/tekken-card-challenge/tekken-card-challenge-faqs-13085.txt": {"hash": "866594ff34a4f8743deff9c1765d7467", "size": 54172, "tags": [22, 24, 30]}, "|docs/WonderSwan/FAQs/wonderswan/wonderswan-faqs-5958.txt": {"hash": "96a2ef36fbb78d451c1a50ece1b2a1cf", "size": 17164, "tags": [22, 24, 30]}, "|docs/WonderSwan/FAQs/wonderswan/wonderswan-faqs-5959.txt": {"hash": "e33b670d72e1087e3260f228a8bf951a", "size": 36084, "tags": [22, 24, 30]}}, "folders": {"|docs": {"tags": [22]}, "|docs/AtariLynx": {"tags": [22, 23]}, "|docs/AtariLynx/FAQs": {"tags": [22, 23]}, "|docs/AtariLynx/FAQs/bill-and-teds-excellent-adventure": {"tags": [22, 23]}, "|docs/AtariLynx/FAQs/chips-challenge": {"tags": [22, 23]}, "|docs/AtariLynx/FAQs/crystal-mines-ii": {"tags": [22, 23]}, "|docs/AtariLynx/FAQs/dirty-larry-renegade-cop": {"tags": [22, 23]}, "|docs/AtariLynx/FAQs/dracula-the-undead": {"tags": [22, 23]}, "|docs/AtariLynx/FAQs/eye-of-the-beholder": {"tags": [22, 23]}, "|docs/AtariLynx/FAQs/gordo-106": {"tags": [22, 23]}, "|docs/AtariLynx/FAQs/lynx": {"tags": [22, 23]}, "|docs/AtariLynx/FAQs/ms-pac-man": {"tags": [22, 23]}, "|docs/AtariLynx/FAQs/ninja-gaiden": {"tags": [22, 23]}, "|docs/AtariLynx/FAQs/ninja-gaiden-iii-the-ancient-ship-of-doom": {"tags": [22, 23]}, "|docs/AtariLynx/FAQs/pac-land": {"tags": [22, 23]}, "|docs/AtariLynx/FAQs/pinball-jam": {"tags": [22, 23]}, "|docs/AtariLynx/FAQs/raiden": {"tags": [22, 23]}, "|docs/AtariLynx/FAQs/rampart": {"tags": [22, 23]}, "|docs/AtariLynx/FAQs/scrapyard-dog": {"tags": [22, 23]}, "|docs/AtariLynx/FAQs/shadow-of-the-beast": {"tags": [22, 23]}, "|docs/AtariLynx/FAQs/spot-the-video-game": {"tags": [22, 23]}, "|docs/AtariLynx/FAQs/toki": {"tags": [22, 23]}, "|docs/AtariLynx/FAQs/turbo-sub": {"tags": [22, 23]}, "|docs/AtariLynx/FAQs/xenophobe": {"tags": [22, 23]}, "|docs/CD-i": {"tags": [22, 25]}, "|docs/CD-i/FAQs": {"tags": [22, 25]}, "|docs/CD-i/FAQs/arcade-classics": {"tags": [22, 25]}, "|docs/CD-i/FAQs/burncycle": {"tags": [22, 25]}, "|docs/CD-i/FAQs/cd-i": {"tags": [22, 25]}, "|docs/CD-i/FAQs/dragons-lair": {"tags": [22, 25]}, "|docs/CD-i/FAQs/dragons-lair-ii-time-warp": {"tags": [22, 25]}, "|docs/CD-i/FAQs/flashback-the-quest-for-identity": {"tags": [22, 25]}, "|docs/CD-i/FAQs/inca": {"tags": [22, 25]}, "|docs/CD-i/FAQs/inca-ii": {"tags": [22, 25]}, "|docs/CD-i/FAQs/international-tennis-open": {"tags": [22, 25]}, "|docs/CD-i/FAQs/laffaire-morlov": {"tags": [22, 25]}, "|docs/CD-i/FAQs/laser-lords": {"tags": [22, 25]}, "|docs/CD-i/FAQs/lemmings": {"tags": [22, 25]}, "|docs/CD-i/FAQs/link-the-faces-of-evil": {"tags": [22, 25]}, "|docs/CD-i/FAQs/mad-dog-mccree": {"tags": [22, 25]}, "|docs/CD-i/FAQs/myst": {"tags": [22, 25]}, "|docs/CD-i/FAQs/space-ace": {"tags": [22, 25]}, "|docs/CD-i/FAQs/the-7th-guest": {"tags": [22, 25]}, "|docs/CD-i/FAQs/the-dame-was-loaded": {"tags": [22, 25]}, "|docs/CD-i/FAQs/the-wacky-world-of-miniature-golf-with-eugene-levy": {"tags": [22, 25]}, "|docs/CD-i/FAQs/voyeur": {"tags": [22, 25]}, "|docs/CD-i/FAQs/zelda-the-wand-of-gamelon": {"tags": [22, 25]}, "|docs/CD-i/FAQs/zeldas-adventure": {"tags": [22, 25]}, "|docs/Jaguar": {"tags": [22, 26]}, "|docs/Jaguar/Jaguar CD FAQs": {"tags": [22, 26]}, "|docs/Jaguar/Jaguar CD FAQs/blue-lightning": {"tags": [22, 26]}, "|docs/Jaguar/Jaguar CD FAQs/brain-dead-13": {"tags": [22, 26]}, "|docs/Jaguar/Jaguar CD FAQs/dragons-lair": {"tags": [22, 26]}, "|docs/Jaguar/Jaguar CD FAQs/highlander-the-last-of-the-macleods": {"tags": [22, 26]}, "|docs/Jaguar/Jaguar CD FAQs/hover-strike-unconquered-lands": {"tags": [22, 26]}, "|docs/Jaguar/Jaguar CD FAQs/iron-soldier-2": {"tags": [22, 26]}, "|docs/Jaguar/Jaguar CD FAQs/jaguar-cd": {"tags": [22, 26]}, "|docs/Jaguar/Jaguar CD FAQs/myst": {"tags": [22, 26]}, "|docs/Jaguar/Jaguar CD FAQs/ocean-depths": {"tags": [22, 26]}, "|docs/Jaguar/Jaguar CD FAQs/primal-rage": {"tags": [22, 26]}, "|docs/Jaguar/Jaguar CD FAQs/space-ace": {"tags": [22, 26]}, "|docs/Jaguar/Jaguar CD FAQs/vid-grid": {"tags": [22, 26]}, "|docs/Jaguar/Jaguar CD FAQs/virtual-light-machine": {"tags": [22, 26]}, "|docs/Jaguar/Jaguar CD FAQs/world-tour-racing": {"tags": [22, 26]}, "|docs/Jaguar/Jaguar FAQs": {"tags": [22, 26]}, "|docs/Jaguar/Jaguar FAQs/alien-vs-predator": {"tags": [22, 26]}, "|docs/Jaguar/Jaguar FAQs/atari-karts": {"tags": [22, 26]}, "|docs/Jaguar/Jaguar FAQs/attack-of-the-mutant-penguins": {"tags": [22, 26]}, "|docs/Jaguar/Jaguar FAQs/battlesphere": {"tags": [22, 26]}, "|docs/Jaguar/Jaguar FAQs/brutal-sports-football": {"tags": [22, 26]}, "|docs/Jaguar/Jaguar FAQs/cannon-fodder": {"tags": [22, 26]}, "|docs/Jaguar/Jaguar FAQs/checkered-flag": {"tags": [22, 26]}, "|docs/Jaguar/Jaguar FAQs/cybermorph": {"tags": [22, 26]}, "|docs/Jaguar/Jaguar FAQs/defender-2000": {"tags": [22, 26]}, "|docs/Jaguar/Jaguar FAQs/doom": {"tags": [22, 26]}, "|docs/Jaguar/Jaguar FAQs/double-dragon-v-the-shadow-falls": {"tags": [22, 26]}, "|docs/Jaguar/Jaguar FAQs/dragon-the-bruce-lee-story": {"tags": [22, 26]}, "|docs/Jaguar/Jaguar FAQs/fight-for-life": {"tags": [22, 26]}, "|docs/Jaguar/Jaguar FAQs/flashback-the-quest-for-identity": {"tags": [22, 26]}, "|docs/Jaguar/Jaguar FAQs/flipout": {"tags": [22, 26]}, "|docs/Jaguar/Jaguar FAQs/hover-strike": {"tags": [22, 26]}, "|docs/Jaguar/Jaguar FAQs/iron-soldier": {"tags": [22, 26]}, "|docs/Jaguar/Jaguar FAQs/iron-soldier-2": {"tags": [22, 26]}, "|docs/Jaguar/Jaguar FAQs/jaguar": {"tags": [22, 26]}, "|docs/Jaguar/Jaguar FAQs/kasumi-ninja": {"tags": [22, 26]}, "|docs/Jaguar/Jaguar FAQs/nba-jam-tournament-edition": {"tags": [22, 26]}, "|docs/Jaguar/Jaguar FAQs/pitfall-the-mayan-adventure": {"tags": [22, 26]}, "|docs/Jaguar/Jaguar FAQs/raiden": {"tags": [22, 26]}, "|docs/Jaguar/Jaguar FAQs/rayman": {"tags": [22, 26]}, "|docs/Jaguar/Jaguar FAQs/super-burnout": {"tags": [22, 26]}, "|docs/Jaguar/Jaguar FAQs/supercross-3d": {"tags": [22, 26]}, "|docs/Jaguar/Jaguar FAQs/tempest-2000": {"tags": [22, 26]}, "|docs/Jaguar/Jaguar FAQs/theme-park": {"tags": [22, 26]}, "|docs/Jaguar/Jaguar FAQs/troy-aikman-nfl-football": {"tags": [22, 26]}, "|docs/Jaguar/Jaguar FAQs/ultra-vortek": {"tags": [22, 26]}, "|docs/Jaguar/Jaguar FAQs/white-men-cant-jump": {"tags": [22, 26]}, "|docs/Jaguar/Jaguar FAQs/worms": {"tags": [22, 26]}, "|docs/Jaguar/Jaguar FAQs/zoop": {"tags": [22, 26]}, "|docs/S32X": {"tags": [22, 29]}, "|docs/S32X/FAQs": {"tags": [22, 29]}, "|docs/S32X/FAQs/after-burner": {"tags": [22, 29]}, "|docs/S32X/FAQs/blackthorne": {"tags": [22, 29]}, "|docs/S32X/FAQs/brutal-above-the-claw": {"tags": [22, 29]}, "|docs/S32X/FAQs/cosmic-carnage": {"tags": [22, 29]}, "|docs/S32X/FAQs/doom": {"tags": [22, 29]}, "|docs/S32X/FAQs/knuckles-chaotix": {"tags": [22, 29]}, "|docs/S32X/FAQs/kolibri": {"tags": [22, 29]}, "|docs/S32X/FAQs/mortal-kombat-ii": {"tags": [22, 29]}, "|docs/S32X/FAQs/nba-jam-tournament-edition": {"tags": [22, 29]}, "|docs/S32X/FAQs/night-trap": {"tags": [22, 29]}, "|docs/S32X/FAQs/pitfall-the-mayan-adventure": {"tags": [22, 29]}, "|docs/S32X/FAQs/san-goku-shi-iv": {"tags": [22, 29]}, "|docs/S32X/FAQs/sega-32x": {"tags": [22, 29]}, "|docs/S32X/FAQs/shadow-squadron": {"tags": [22, 29]}, "|docs/S32X/FAQs/slam-city-with-scottie-pippen": {"tags": [22, 29]}, "|docs/S32X/FAQs/star-wars-arcade": {"tags": [22, 29]}, "|docs/S32X/FAQs/t-mek": {"tags": [22, 29]}, "|docs/S32X/FAQs/virtua-fighter": {"tags": [22, 29]}, "|docs/S32X/FAQs/wwf-raw": {"tags": [22, 29]}, "|docs/S32X/FAQs/wwf-wrestlemania-the-arcade-game": {"tags": [22, 29]}, "|docs/WonderSwan": {"tags": [22, 30]}, "|docs/WonderSwan/FAQs": {"tags": [22, 30]}, "|docs/WonderSwan/FAQs/beatmania-for-wonderswan": {"tags": [22, 30]}, "|docs/WonderSwan/FAQs/clock-tower-for-wonderswan": {"tags": [22, 30]}, "|docs/WonderSwan/FAQs/digimon-adventure-anode-tamer": {"tags": [22, 30]}, "|docs/WonderSwan/FAQs/digimon-adventure-cathode-tamer": {"tags": [22, 30]}, "|docs/WonderSwan/FAQs/engacho-for-wonderswan": {"tags": [22, 30]}, "|docs/WonderSwan/FAQs/fire-prowrestling-for-wonderswan": {"tags": [22, 30]}, "|docs/WonderSwan/FAQs/gunpey": {"tags": [22, 30]}, "|docs/WonderSwan/FAQs/kaze-no-klonoa-moonlight-museum": {"tags": [22, 30]}, "|docs/WonderSwan/FAQs/lode-runner-for-wonderswan": {"tags": [22, 30]}, "|docs/WonderSwan/FAQs/makai-mura-for-wonderswan": {"tags": [22, 30]}, "|docs/WonderSwan/FAQs/medarot-perfect-edition-kabuto-version": {"tags": [22, 30]}, "|docs/WonderSwan/FAQs/mobile-suit-gundam-msvs": {"tags": [22, 30]}, "|docs/WonderSwan/FAQs/pocket-fighter": {"tags": [22, 30]}, "|docs/WonderSwan/FAQs/rockman-and-forte": {"tags": [22, 30]}, "|docs/WonderSwan/FAQs/sd-gundam-g-generation-gather-beat": {"tags": [22, 30]}, "|docs/WonderSwan/FAQs/shin-nippon-pro-wrestling-toukon-retsuden": {"tags": [22, 30]}, "|docs/WonderSwan/FAQs/super-robot-taisen-compact": {"tags": [22, 30]}, "|docs/WonderSwan/FAQs/super-robot-taisen-compact-2-dai-1-bu-chijou-gekidou-hen": {"tags": [22, 30]}, "|docs/WonderSwan/FAQs/super-robot-taisen-compact-2-dai-2-bu-uchuu-gekishin-hen": {"tags": [22, 30]}, "|docs/WonderSwan/FAQs/super-robot-taisen-compact-2-dai-3-bu-ginga-kessen-hen": {"tags": [22, 30]}, "|docs/WonderSwan/FAQs/tekken-card-challenge": {"tags": [22, 30]}, "|docs/WonderSwan/FAQs/wonderswan": {"tags": [22, 30]}}, "tag_dictionary": {"atarilynx": 23, "cdi": 25, "docs": 22, "faqs": 24, "jaguar": 26, "jaguarcdfaqs": 27, "jaguarfaqs": 28, "s32x": 29, "wonderswan": 30}, "timestamp": 1758741958}